{
  "ABIRoot": {
    "kind": "Root",
    "name": "RPlusIOSLibrary",
    "printedName": "RPlusIOSLibrary",
    "children": [
      {
        "kind": "Import",
        "name": "CommonCrypto",
        "printedName": "CommonCrypto",
        "declKind": "Import",
        "moduleName": "RPlusIOSLibrary",
        "declAttributes": [
          "RawDocComment"
        ]
      },
      {
        "kind": "Import",
        "name": "Foundation",
        "printedName": "Foundation",
        "declKind": "Import",
        "moduleName": "RPlusIOSLibrary"
      },
      {
        "kind": "Import",
        "name": "Foundation",
        "printedName": "Foundation",
        "declKind": "Import",
        "moduleName": "RPlusIOSLibrary",
        "declAttributes": [
          "RawDocComment"
        ]
      },
      {
        "kind": "Import",
        "name": "UIKit",
        "printedName": "UIKit",
        "declKind": "Import",
        "moduleName": "RPlusIOSLibrary"
      },
      {
        "kind": "TypeDecl",
        "name": "RPlusEnvironment",
        "printedName": "RPlusEnvironment",
        "children": [
          {
            "kind": "Var",
            "name": "staging",
            "printedName": "staging",
            "children": [
              {
                "kind": "TypeFunc",
                "name": "Function",
                "printedName": "(RPlusIOSLibrary.RPlusEnvironment.Type) -> RPlusIOSLibrary.RPlusEnvironment",
                "children": [
                  {
                    "kind": "TypeNominal",
                    "name": "RPlusEnvironment",
                    "printedName": "RPlusIOSLibrary.RPlusEnvironment",
                    "usr": "s:15RPlusIOSLibrary0A11EnvironmentO"
                  },
                  {
                    "kind": "TypeNominal",
                    "name": "Metatype",
                    "printedName": "RPlusIOSLibrary.RPlusEnvironment.Type",
                    "children": [
                      {
                        "kind": "TypeNominal",
                        "name": "RPlusEnvironment",
                        "printedName": "RPlusIOSLibrary.RPlusEnvironment",
                        "usr": "s:15RPlusIOSLibrary0A11EnvironmentO"
                      }
                    ]
                  }
                ]
              }
            ],
            "declKind": "EnumElement",
            "usr": "s:15RPlusIOSLibrary0A11EnvironmentO7stagingyA2CmF",
            "mangledName": "$s15RPlusIOSLibrary0A11EnvironmentO7stagingyA2CmF",
            "moduleName": "RPlusIOSLibrary"
          },
          {
            "kind": "Var",
            "name": "production",
            "printedName": "production",
            "children": [
              {
                "kind": "TypeFunc",
                "name": "Function",
                "printedName": "(RPlusIOSLibrary.RPlusEnvironment.Type) -> RPlusIOSLibrary.RPlusEnvironment",
                "children": [
                  {
                    "kind": "TypeNominal",
                    "name": "RPlusEnvironment",
                    "printedName": "RPlusIOSLibrary.RPlusEnvironment",
                    "usr": "s:15RPlusIOSLibrary0A11EnvironmentO"
                  },
                  {
                    "kind": "TypeNominal",
                    "name": "Metatype",
                    "printedName": "RPlusIOSLibrary.RPlusEnvironment.Type",
                    "children": [
                      {
                        "kind": "TypeNominal",
                        "name": "RPlusEnvironment",
                        "printedName": "RPlusIOSLibrary.RPlusEnvironment",
                        "usr": "s:15RPlusIOSLibrary0A11EnvironmentO"
                      }
                    ]
                  }
                ]
              }
            ],
            "declKind": "EnumElement",
            "usr": "s:15RPlusIOSLibrary0A11EnvironmentO10productionyA2CmF",
            "mangledName": "$s15RPlusIOSLibrary0A11EnvironmentO10productionyA2CmF",
            "moduleName": "RPlusIOSLibrary"
          },
          {
            "kind": "Constructor",
            "name": "init",
            "printedName": "init(rawValue:)",
            "children": [
              {
                "kind": "TypeNominal",
                "name": "Optional",
                "printedName": "RPlusIOSLibrary.RPlusEnvironment?",
                "children": [
                  {
                    "kind": "TypeNominal",
                    "name": "RPlusEnvironment",
                    "printedName": "RPlusIOSLibrary.RPlusEnvironment",
                    "usr": "s:15RPlusIOSLibrary0A11EnvironmentO"
                  }
                ],
                "usr": "s:Sq"
              },
              {
                "kind": "TypeNominal",
                "name": "String",
                "printedName": "Swift.String",
                "usr": "s:SS"
              }
            ],
            "declKind": "Constructor",
            "usr": "s:15RPlusIOSLibrary0A11EnvironmentO8rawValueACSgSS_tcfc",
            "mangledName": "$s15RPlusIOSLibrary0A11EnvironmentO8rawValueACSgSS_tcfc",
            "moduleName": "RPlusIOSLibrary",
            "implicit": true,
            "init_kind": "Designated"
          },
          {
            "kind": "Var",
            "name": "rawValue",
            "printedName": "rawValue",
            "children": [
              {
                "kind": "TypeNominal",
                "name": "String",
                "printedName": "Swift.String",
                "usr": "s:SS"
              }
            ],
            "declKind": "Var",
            "usr": "s:15RPlusIOSLibrary0A11EnvironmentO8rawValueSSvp",
            "mangledName": "$s15RPlusIOSLibrary0A11EnvironmentO8rawValueSSvp",
            "moduleName": "RPlusIOSLibrary",
            "implicit": true,
            "accessors": [
              {
                "kind": "Accessor",
                "name": "Get",
                "printedName": "Get()",
                "children": [
                  {
                    "kind": "TypeNominal",
                    "name": "String",
                    "printedName": "Swift.String",
                    "usr": "s:SS"
                  }
                ],
                "declKind": "Accessor",
                "usr": "s:15RPlusIOSLibrary0A11EnvironmentO8rawValueSSvg",
                "mangledName": "$s15RPlusIOSLibrary0A11EnvironmentO8rawValueSSvg",
                "moduleName": "RPlusIOSLibrary",
                "implicit": true,
                "accessorKind": "get"
              }
            ]
          }
        ],
        "declKind": "Enum",
        "usr": "s:15RPlusIOSLibrary0A11EnvironmentO",
        "mangledName": "$s15RPlusIOSLibrary0A11EnvironmentO",
        "moduleName": "RPlusIOSLibrary",
        "declAttributes": [
          "AccessControl"
        ],
        "enumRawTypeName": "String",
        "conformances": [
          {
            "kind": "Conformance",
            "name": "Copyable",
            "printedName": "Copyable",
            "usr": "s:s8CopyableP",
            "mangledName": "$ss8CopyableP"
          },
          {
            "kind": "Conformance",
            "name": "Escapable",
            "printedName": "Escapable",
            "usr": "s:s9EscapableP",
            "mangledName": "$ss9EscapableP"
          },
          {
            "kind": "Conformance",
            "name": "RawRepresentable",
            "printedName": "RawRepresentable",
            "children": [
              {
                "kind": "TypeWitness",
                "name": "RawValue",
                "printedName": "RawValue",
                "children": [
                  {
                    "kind": "TypeNominal",
                    "name": "String",
                    "printedName": "Swift.String",
                    "usr": "s:SS"
                  }
                ]
              }
            ],
            "usr": "s:SY",
            "mangledName": "$sSY"
          },
          {
            "kind": "Conformance",
            "name": "Equatable",
            "printedName": "Equatable",
            "usr": "s:SQ",
            "mangledName": "$sSQ"
          },
          {
            "kind": "Conformance",
            "name": "Hashable",
            "printedName": "Hashable",
            "usr": "s:SH",
            "mangledName": "$sSH"
          }
        ]
      },
      {
        "kind": "TypeDecl",
        "name": "RPlusConfiguration",
        "printedName": "RPlusConfiguration",
        "children": [
          {
            "kind": "Var",
            "name": "clientId",
            "printedName": "clientId",
            "children": [
              {
                "kind": "TypeNominal",
                "name": "String",
                "printedName": "Swift.String",
                "usr": "s:SS"
              }
            ],
            "declKind": "Var",
            "usr": "s:15RPlusIOSLibrary0A13ConfigurationC8clientIdSSvp",
            "mangledName": "$s15RPlusIOSLibrary0A13ConfigurationC8clientIdSSvp",
            "moduleName": "RPlusIOSLibrary",
            "declAttributes": [
              "HasInitialValue",
              "HasStorage",
              "AccessControl"
            ],
            "hasStorage": true,
            "accessors": [
              {
                "kind": "Accessor",
                "name": "Get",
                "printedName": "Get()",
                "children": [
                  {
                    "kind": "TypeNominal",
                    "name": "String",
                    "printedName": "Swift.String",
                    "usr": "s:SS"
                  }
                ],
                "declKind": "Accessor",
                "usr": "s:15RPlusIOSLibrary0A13ConfigurationC8clientIdSSvg",
                "mangledName": "$s15RPlusIOSLibrary0A13ConfigurationC8clientIdSSvg",
                "moduleName": "RPlusIOSLibrary",
                "implicit": true,
                "accessorKind": "get"
              },
              {
                "kind": "Accessor",
                "name": "Set",
                "printedName": "Set()",
                "children": [
                  {
                    "kind": "TypeNominal",
                    "name": "Void",
                    "printedName": "()"
                  },
                  {
                    "kind": "TypeNominal",
                    "name": "String",
                    "printedName": "Swift.String",
                    "usr": "s:SS"
                  }
                ],
                "declKind": "Accessor",
                "usr": "s:15RPlusIOSLibrary0A13ConfigurationC8clientIdSSvs",
                "mangledName": "$s15RPlusIOSLibrary0A13ConfigurationC8clientIdSSvs",
                "moduleName": "RPlusIOSLibrary",
                "implicit": true,
                "accessorKind": "set"
              },
              {
                "kind": "Accessor",
                "name": "Modify",
                "printedName": "Modify()",
                "children": [
                  {
                    "kind": "TypeNominal",
                    "name": "Void",
                    "printedName": "()"
                  }
                ],
                "declKind": "Accessor",
                "usr": "s:15RPlusIOSLibrary0A13ConfigurationC8clientIdSSvM",
                "mangledName": "$s15RPlusIOSLibrary0A13ConfigurationC8clientIdSSvM",
                "moduleName": "RPlusIOSLibrary",
                "implicit": true,
                "accessorKind": "_modify"
              }
            ]
          },
          {
            "kind": "Var",
            "name": "clientKey",
            "printedName": "clientKey",
            "children": [
              {
                "kind": "TypeNominal",
                "name": "String",
                "printedName": "Swift.String",
                "usr": "s:SS"
              }
            ],
            "declKind": "Var",
            "usr": "s:15RPlusIOSLibrary0A13ConfigurationC9clientKeySSvp",
            "mangledName": "$s15RPlusIOSLibrary0A13ConfigurationC9clientKeySSvp",
            "moduleName": "RPlusIOSLibrary",
            "declAttributes": [
              "HasInitialValue",
              "HasStorage",
              "AccessControl"
            ],
            "hasStorage": true,
            "accessors": [
              {
                "kind": "Accessor",
                "name": "Get",
                "printedName": "Get()",
                "children": [
                  {
                    "kind": "TypeNominal",
                    "name": "String",
                    "printedName": "Swift.String",
                    "usr": "s:SS"
                  }
                ],
                "declKind": "Accessor",
                "usr": "s:15RPlusIOSLibrary0A13ConfigurationC9clientKeySSvg",
                "mangledName": "$s15RPlusIOSLibrary0A13ConfigurationC9clientKeySSvg",
                "moduleName": "RPlusIOSLibrary",
                "implicit": true,
                "accessorKind": "get"
              },
              {
                "kind": "Accessor",
                "name": "Set",
                "printedName": "Set()",
                "children": [
                  {
                    "kind": "TypeNominal",
                    "name": "Void",
                    "printedName": "()"
                  },
                  {
                    "kind": "TypeNominal",
                    "name": "String",
                    "printedName": "Swift.String",
                    "usr": "s:SS"
                  }
                ],
                "declKind": "Accessor",
                "usr": "s:15RPlusIOSLibrary0A13ConfigurationC9clientKeySSvs",
                "mangledName": "$s15RPlusIOSLibrary0A13ConfigurationC9clientKeySSvs",
                "moduleName": "RPlusIOSLibrary",
                "implicit": true,
                "accessorKind": "set"
              },
              {
                "kind": "Accessor",
                "name": "Modify",
                "printedName": "Modify()",
                "children": [
                  {
                    "kind": "TypeNominal",
                    "name": "Void",
                    "printedName": "()"
                  }
                ],
                "declKind": "Accessor",
                "usr": "s:15RPlusIOSLibrary0A13ConfigurationC9clientKeySSvM",
                "mangledName": "$s15RPlusIOSLibrary0A13ConfigurationC9clientKeySSvM",
                "moduleName": "RPlusIOSLibrary",
                "implicit": true,
                "accessorKind": "_modify"
              }
            ]
          },
          {
            "kind": "Var",
            "name": "userAuth",
            "printedName": "userAuth",
            "children": [
              {
                "kind": "TypeNominal",
                "name": "String",
                "printedName": "Swift.String",
                "usr": "s:SS"
              }
            ],
            "declKind": "Var",
            "usr": "s:15RPlusIOSLibrary0A13ConfigurationC8userAuthSSvp",
            "mangledName": "$s15RPlusIOSLibrary0A13ConfigurationC8userAuthSSvp",
            "moduleName": "RPlusIOSLibrary",
            "declAttributes": [
              "HasInitialValue",
              "HasStorage",
              "AccessControl"
            ],
            "hasStorage": true,
            "accessors": [
              {
                "kind": "Accessor",
                "name": "Get",
                "printedName": "Get()",
                "children": [
                  {
                    "kind": "TypeNominal",
                    "name": "String",
                    "printedName": "Swift.String",
                    "usr": "s:SS"
                  }
                ],
                "declKind": "Accessor",
                "usr": "s:15RPlusIOSLibrary0A13ConfigurationC8userAuthSSvg",
                "mangledName": "$s15RPlusIOSLibrary0A13ConfigurationC8userAuthSSvg",
                "moduleName": "RPlusIOSLibrary",
                "implicit": true,
                "accessorKind": "get"
              },
              {
                "kind": "Accessor",
                "name": "Set",
                "printedName": "Set()",
                "children": [
                  {
                    "kind": "TypeNominal",
                    "name": "Void",
                    "printedName": "()"
                  },
                  {
                    "kind": "TypeNominal",
                    "name": "String",
                    "printedName": "Swift.String",
                    "usr": "s:SS"
                  }
                ],
                "declKind": "Accessor",
                "usr": "s:15RPlusIOSLibrary0A13ConfigurationC8userAuthSSvs",
                "mangledName": "$s15RPlusIOSLibrary0A13ConfigurationC8userAuthSSvs",
                "moduleName": "RPlusIOSLibrary",
                "implicit": true,
                "accessorKind": "set"
              },
              {
                "kind": "Accessor",
                "name": "Modify",
                "printedName": "Modify()",
                "children": [
                  {
                    "kind": "TypeNominal",
                    "name": "Void",
                    "printedName": "()"
                  }
                ],
                "declKind": "Accessor",
                "usr": "s:15RPlusIOSLibrary0A13ConfigurationC8userAuthSSvM",
                "mangledName": "$s15RPlusIOSLibrary0A13ConfigurationC8userAuthSSvM",
                "moduleName": "RPlusIOSLibrary",
                "implicit": true,
                "accessorKind": "_modify"
              }
            ]
          },
          {
            "kind": "Var",
            "name": "environment",
            "printedName": "environment",
            "children": [
              {
                "kind": "TypeNominal",
                "name": "RPlusEnvironment",
                "printedName": "RPlusIOSLibrary.RPlusEnvironment",
                "usr": "s:15RPlusIOSLibrary0A11EnvironmentO"
              }
            ],
            "declKind": "Var",
            "usr": "s:15RPlusIOSLibrary0A13ConfigurationC11environmentAA0A11EnvironmentOvp",
            "mangledName": "$s15RPlusIOSLibrary0A13ConfigurationC11environmentAA0A11EnvironmentOvp",
            "moduleName": "RPlusIOSLibrary",
            "declAttributes": [
              "HasInitialValue",
              "HasStorage",
              "AccessControl"
            ],
            "hasStorage": true,
            "accessors": [
              {
                "kind": "Accessor",
                "name": "Get",
                "printedName": "Get()",
                "children": [
                  {
                    "kind": "TypeNominal",
                    "name": "RPlusEnvironment",
                    "printedName": "RPlusIOSLibrary.RPlusEnvironment",
                    "usr": "s:15RPlusIOSLibrary0A11EnvironmentO"
                  }
                ],
                "declKind": "Accessor",
                "usr": "s:15RPlusIOSLibrary0A13ConfigurationC11environmentAA0A11EnvironmentOvg",
                "mangledName": "$s15RPlusIOSLibrary0A13ConfigurationC11environmentAA0A11EnvironmentOvg",
                "moduleName": "RPlusIOSLibrary",
                "implicit": true,
                "accessorKind": "get"
              },
              {
                "kind": "Accessor",
                "name": "Set",
                "printedName": "Set()",
                "children": [
                  {
                    "kind": "TypeNominal",
                    "name": "Void",
                    "printedName": "()"
                  },
                  {
                    "kind": "TypeNominal",
                    "name": "RPlusEnvironment",
                    "printedName": "RPlusIOSLibrary.RPlusEnvironment",
                    "usr": "s:15RPlusIOSLibrary0A11EnvironmentO"
                  }
                ],
                "declKind": "Accessor",
                "usr": "s:15RPlusIOSLibrary0A13ConfigurationC11environmentAA0A11EnvironmentOvs",
                "mangledName": "$s15RPlusIOSLibrary0A13ConfigurationC11environmentAA0A11EnvironmentOvs",
                "moduleName": "RPlusIOSLibrary",
                "implicit": true,
                "accessorKind": "set"
              },
              {
                "kind": "Accessor",
                "name": "Modify",
                "printedName": "Modify()",
                "children": [
                  {
                    "kind": "TypeNominal",
                    "name": "Void",
                    "printedName": "()"
                  }
                ],
                "declKind": "Accessor",
                "usr": "s:15RPlusIOSLibrary0A13ConfigurationC11environmentAA0A11EnvironmentOvM",
                "mangledName": "$s15RPlusIOSLibrary0A13ConfigurationC11environmentAA0A11EnvironmentOvM",
                "moduleName": "RPlusIOSLibrary",
                "implicit": true,
                "accessorKind": "_modify"
              }
            ]
          },
          {
            "kind": "Var",
            "name": "logEnable",
            "printedName": "logEnable",
            "children": [
              {
                "kind": "TypeNominal",
                "name": "Bool",
                "printedName": "Swift.Bool",
                "usr": "s:Sb"
              }
            ],
            "declKind": "Var",
            "usr": "s:15RPlusIOSLibrary0A13ConfigurationC9logEnableSbvp",
            "mangledName": "$s15RPlusIOSLibrary0A13ConfigurationC9logEnableSbvp",
            "moduleName": "RPlusIOSLibrary",
            "declAttributes": [
              "HasInitialValue",
              "HasStorage",
              "AccessControl"
            ],
            "hasStorage": true,
            "accessors": [
              {
                "kind": "Accessor",
                "name": "Get",
                "printedName": "Get()",
                "children": [
                  {
                    "kind": "TypeNominal",
                    "name": "Bool",
                    "printedName": "Swift.Bool",
                    "usr": "s:Sb"
                  }
                ],
                "declKind": "Accessor",
                "usr": "s:15RPlusIOSLibrary0A13ConfigurationC9logEnableSbvg",
                "mangledName": "$s15RPlusIOSLibrary0A13ConfigurationC9logEnableSbvg",
                "moduleName": "RPlusIOSLibrary",
                "implicit": true,
                "accessorKind": "get"
              },
              {
                "kind": "Accessor",
                "name": "Set",
                "printedName": "Set()",
                "children": [
                  {
                    "kind": "TypeNominal",
                    "name": "Void",
                    "printedName": "()"
                  },
                  {
                    "kind": "TypeNominal",
                    "name": "Bool",
                    "printedName": "Swift.Bool",
                    "usr": "s:Sb"
                  }
                ],
                "declKind": "Accessor",
                "usr": "s:15RPlusIOSLibrary0A13ConfigurationC9logEnableSbvs",
                "mangledName": "$s15RPlusIOSLibrary0A13ConfigurationC9logEnableSbvs",
                "moduleName": "RPlusIOSLibrary",
                "implicit": true,
                "accessorKind": "set"
              },
              {
                "kind": "Accessor",
                "name": "Modify",
                "printedName": "Modify()",
                "children": [
                  {
                    "kind": "TypeNominal",
                    "name": "Void",
                    "printedName": "()"
                  }
                ],
                "declKind": "Accessor",
                "usr": "s:15RPlusIOSLibrary0A13ConfigurationC9logEnableSbvM",
                "mangledName": "$s15RPlusIOSLibrary0A13ConfigurationC9logEnableSbvM",
                "moduleName": "RPlusIOSLibrary",
                "implicit": true,
                "accessorKind": "_modify"
              }
            ]
          },
          {
            "kind": "Var",
            "name": "configuration",
            "printedName": "configuration",
            "children": [
              {
                "kind": "TypeNominal",
                "name": "RPlusConfiguration",
                "printedName": "RPlusIOSLibrary.RPlusConfiguration",
                "usr": "s:15RPlusIOSLibrary0A13ConfigurationC"
              }
            ],
            "declKind": "Var",
            "usr": "s:15RPlusIOSLibrary0A13ConfigurationC13configurationACvpZ",
            "mangledName": "$s15RPlusIOSLibrary0A13ConfigurationC13configurationACvpZ",
            "moduleName": "RPlusIOSLibrary",
            "static": true,
            "declAttributes": [
              "HasInitialValue",
              "Final",
              "HasStorage",
              "AccessControl"
            ],
            "isLet": true,
            "hasStorage": true,
            "accessors": [
              {
                "kind": "Accessor",
                "name": "Get",
                "printedName": "Get()",
                "children": [
                  {
                    "kind": "TypeNominal",
                    "name": "RPlusConfiguration",
                    "printedName": "RPlusIOSLibrary.RPlusConfiguration",
                    "usr": "s:15RPlusIOSLibrary0A13ConfigurationC"
                  }
                ],
                "declKind": "Accessor",
                "usr": "s:15RPlusIOSLibrary0A13ConfigurationC13configurationACvgZ",
                "mangledName": "$s15RPlusIOSLibrary0A13ConfigurationC13configurationACvgZ",
                "moduleName": "RPlusIOSLibrary",
                "static": true,
                "implicit": true,
                "declAttributes": [
                  "Final"
                ],
                "accessorKind": "get"
              }
            ]
          }
        ],
        "declKind": "Class",
        "usr": "s:15RPlusIOSLibrary0A13ConfigurationC",
        "mangledName": "$s15RPlusIOSLibrary0A13ConfigurationC",
        "moduleName": "RPlusIOSLibrary",
        "declAttributes": [
          "AccessControl"
        ],
        "hasMissingDesignatedInitializers": true,
        "conformances": [
          {
            "kind": "Conformance",
            "name": "Copyable",
            "printedName": "Copyable",
            "usr": "s:s8CopyableP",
            "mangledName": "$ss8CopyableP"
          },
          {
            "kind": "Conformance",
            "name": "Escapable",
            "printedName": "Escapable",
            "usr": "s:s9EscapableP",
            "mangledName": "$ss9EscapableP"
          }
        ]
      },
      {
        "kind": "TypeDecl",
        "name": "RPlusManager",
        "printedName": "RPlusManager",
        "children": [
          {
            "kind": "Var",
            "name": "shared",
            "printedName": "shared",
            "children": [
              {
                "kind": "TypeNominal",
                "name": "RPlusManager",
                "printedName": "RPlusIOSLibrary.RPlusManager",
                "usr": "s:15RPlusIOSLibrary0A7ManagerC"
              }
            ],
            "declKind": "Var",
            "usr": "s:15RPlusIOSLibrary0A7ManagerC6sharedACvpZ",
            "mangledName": "$s15RPlusIOSLibrary0A7ManagerC6sharedACvpZ",
            "moduleName": "RPlusIOSLibrary",
            "static": true,
            "declAttributes": [
              "HasInitialValue",
              "Final",
              "HasStorage",
              "AccessControl"
            ],
            "isLet": true,
            "hasStorage": true,
            "accessors": [
              {
                "kind": "Accessor",
                "name": "Get",
                "printedName": "Get()",
                "children": [
                  {
                    "kind": "TypeNominal",
                    "name": "RPlusManager",
                    "printedName": "RPlusIOSLibrary.RPlusManager",
                    "usr": "s:15RPlusIOSLibrary0A7ManagerC"
                  }
                ],
                "declKind": "Accessor",
                "usr": "s:15RPlusIOSLibrary0A7ManagerC6sharedACvgZ",
                "mangledName": "$s15RPlusIOSLibrary0A7ManagerC6sharedACvgZ",
                "moduleName": "RPlusIOSLibrary",
                "static": true,
                "implicit": true,
                "declAttributes": [
                  "Final"
                ],
                "accessorKind": "get"
              }
            ]
          },
          {
            "kind": "Function",
            "name": "startRPlus",
            "printedName": "startRPlus(withConfig:rootVC:completion:)",
            "children": [
              {
                "kind": "TypeNominal",
                "name": "Void",
                "printedName": "()"
              },
              {
                "kind": "TypeNominal",
                "name": "Optional",
                "printedName": "RPlusIOSLibrary.RPlusConfiguration?",
                "children": [
                  {
                    "kind": "TypeNominal",
                    "name": "RPlusConfiguration",
                    "printedName": "RPlusIOSLibrary.RPlusConfiguration",
                    "usr": "s:15RPlusIOSLibrary0A13ConfigurationC"
                  }
                ],
                "hasDefaultArg": true,
                "usr": "s:Sq"
              },
              {
                "kind": "TypeNominal",
                "name": "Optional",
                "printedName": "UIKit.UIViewController?",
                "children": [
                  {
                    "kind": "TypeNominal",
                    "name": "UIViewController",
                    "printedName": "UIKit.UIViewController",
                    "usr": "c:objc(cs)UIViewController"
                  }
                ],
                "hasDefaultArg": true,
                "usr": "s:Sq"
              },
              {
                "kind": "TypeNominal",
                "name": "Optional",
                "printedName": "((Swift.Bool?, RPlusIOSLibrary.RPlusError?) -> ())?",
                "children": [
                  {
                    "kind": "TypeFunc",
                    "name": "Function",
                    "printedName": "(Swift.Bool?, RPlusIOSLibrary.RPlusError?) -> ()",
                    "children": [
                      {
                        "kind": "TypeNominal",
                        "name": "Void",
                        "printedName": "()"
                      },
                      {
                        "kind": "TypeNominal",
                        "name": "Tuple",
                        "printedName": "(Swift.Bool?, RPlusIOSLibrary.RPlusError?)",
                        "children": [
                          {
                            "kind": "TypeNominal",
                            "name": "Optional",
                            "printedName": "Swift.Bool?",
                            "children": [
                              {
                                "kind": "TypeNominal",
                                "name": "Bool",
                                "printedName": "Swift.Bool",
                                "usr": "s:Sb"
                              }
                            ],
                            "usr": "s:Sq"
                          },
                          {
                            "kind": "TypeNominal",
                            "name": "Optional",
                            "printedName": "RPlusIOSLibrary.RPlusError?",
                            "children": [
                              {
                                "kind": "TypeNominal",
                                "name": "RPlusError",
                                "printedName": "RPlusIOSLibrary.RPlusError",
                                "usr": "s:15RPlusIOSLibrary0A5ErrorO"
                              }
                            ],
                            "usr": "s:Sq"
                          }
                        ]
                      }
                    ]
                  }
                ],
                "hasDefaultArg": true,
                "usr": "s:Sq"
              }
            ],
            "declKind": "Func",
            "usr": "s:15RPlusIOSLibrary0A7ManagerC05startA010withConfig6rootVC10completionyAA0A13ConfigurationCSg_So16UIViewControllerCSgySbSg_AA0A5ErrorOSgtcSgtF",
            "mangledName": "$s15RPlusIOSLibrary0A7ManagerC05startA010withConfig6rootVC10completionyAA0A13ConfigurationCSg_So16UIViewControllerCSgySbSg_AA0A5ErrorOSgtcSgtF",
            "moduleName": "RPlusIOSLibrary",
            "declAttributes": [
              "AccessControl"
            ],
            "funcSelfKind": "NonMutating"
          }
        ],
        "declKind": "Class",
        "usr": "s:15RPlusIOSLibrary0A7ManagerC",
        "mangledName": "$s15RPlusIOSLibrary0A7ManagerC",
        "moduleName": "RPlusIOSLibrary",
        "declAttributes": [
          "AccessControl"
        ],
        "hasMissingDesignatedInitializers": true,
        "conformances": [
          {
            "kind": "Conformance",
            "name": "Copyable",
            "printedName": "Copyable",
            "usr": "s:s8CopyableP",
            "mangledName": "$ss8CopyableP"
          },
          {
            "kind": "Conformance",
            "name": "Escapable",
            "printedName": "Escapable",
            "usr": "s:s9EscapableP",
            "mangledName": "$ss9EscapableP"
          }
        ]
      },
      {
        "kind": "Import",
        "name": "Foundation",
        "printedName": "Foundation",
        "declKind": "Import",
        "moduleName": "RPlusIOSLibrary",
        "declAttributes": [
          "RawDocComment"
        ]
      },
      {
        "kind": "Import",
        "name": "UIKit",
        "printedName": "UIKit",
        "declKind": "Import",
        "moduleName": "RPlusIOSLibrary",
        "declAttributes": [
          "RawDocComment"
        ]
      },
      {
        "kind": "Import",
        "name": "Foundation",
        "printedName": "Foundation",
        "declKind": "Import",
        "moduleName": "RPlusIOSLibrary",
        "declAttributes": [
          "RawDocComment"
        ]
      },
      {
        "kind": "TypeDecl",
        "name": "RPlusError",
        "printedName": "RPlusError",
        "children": [
          {
            "kind": "Var",
            "name": "netError",
            "printedName": "netError",
            "children": [
              {
                "kind": "TypeFunc",
                "name": "Function",
                "printedName": "(RPlusIOSLibrary.RPlusError.Type) -> ((any Swift.Error)?) -> RPlusIOSLibrary.RPlusError",
                "children": [
                  {
                    "kind": "TypeFunc",
                    "name": "Function",
                    "printedName": "((any Swift.Error)?) -> RPlusIOSLibrary.RPlusError",
                    "children": [
                      {
                        "kind": "TypeNominal",
                        "name": "RPlusError",
                        "printedName": "RPlusIOSLibrary.RPlusError",
                        "usr": "s:15RPlusIOSLibrary0A5ErrorO"
                      },
                      {
                        "kind": "TypeNominal",
                        "name": "Tuple",
                        "printedName": "(error: (any Swift.Error)?)",
                        "children": [
                          {
                            "kind": "TypeNominal",
                            "name": "Optional",
                            "printedName": "(any Swift.Error)?",
                            "children": [
                              {
                                "kind": "TypeNominal",
                                "name": "Error",
                                "printedName": "any Swift.Error",
                                "usr": "s:s5ErrorP"
                              }
                            ],
                            "usr": "s:Sq"
                          }
                        ]
                      }
                    ]
                  },
                  {
                    "kind": "TypeNominal",
                    "name": "Metatype",
                    "printedName": "RPlusIOSLibrary.RPlusError.Type",
                    "children": [
                      {
                        "kind": "TypeNominal",
                        "name": "RPlusError",
                        "printedName": "RPlusIOSLibrary.RPlusError",
                        "usr": "s:15RPlusIOSLibrary0A5ErrorO"
                      }
                    ]
                  }
                ]
              }
            ],
            "declKind": "EnumElement",
            "usr": "s:15RPlusIOSLibrary0A5ErrorO03netC0yACs0C0_pSg_tcACmF",
            "mangledName": "$s15RPlusIOSLibrary0A5ErrorO03netC0yACs0C0_pSg_tcACmF",
            "moduleName": "RPlusIOSLibrary"
          },
          {
            "kind": "Var",
            "name": "apiError",
            "printedName": "apiError",
            "children": [
              {
                "kind": "TypeFunc",
                "name": "Function",
                "printedName": "(RPlusIOSLibrary.RPlusError.Type) -> (Swift.Int, Swift.String?) -> RPlusIOSLibrary.RPlusError",
                "children": [
                  {
                    "kind": "TypeFunc",
                    "name": "Function",
                    "printedName": "(Swift.Int, Swift.String?) -> RPlusIOSLibrary.RPlusError",
                    "children": [
                      {
                        "kind": "TypeNominal",
                        "name": "RPlusError",
                        "printedName": "RPlusIOSLibrary.RPlusError",
                        "usr": "s:15RPlusIOSLibrary0A5ErrorO"
                      },
                      {
                        "kind": "TypeNominal",
                        "name": "Tuple",
                        "printedName": "(code: Swift.Int, message: Swift.String?)",
                        "children": [
                          {
                            "kind": "TypeNominal",
                            "name": "Int",
                            "printedName": "Swift.Int",
                            "usr": "s:Si"
                          },
                          {
                            "kind": "TypeNominal",
                            "name": "Optional",
                            "printedName": "Swift.String?",
                            "children": [
                              {
                                "kind": "TypeNominal",
                                "name": "String",
                                "printedName": "Swift.String",
                                "usr": "s:SS"
                              }
                            ],
                            "usr": "s:Sq"
                          }
                        ]
                      }
                    ]
                  },
                  {
                    "kind": "TypeNominal",
                    "name": "Metatype",
                    "printedName": "RPlusIOSLibrary.RPlusError.Type",
                    "children": [
                      {
                        "kind": "TypeNominal",
                        "name": "RPlusError",
                        "printedName": "RPlusIOSLibrary.RPlusError",
                        "usr": "s:15RPlusIOSLibrary0A5ErrorO"
                      }
                    ]
                  }
                ]
              }
            ],
            "declKind": "EnumElement",
            "usr": "s:15RPlusIOSLibrary0A5ErrorO03apiC0yACSi_SSSgtcACmF",
            "mangledName": "$s15RPlusIOSLibrary0A5ErrorO03apiC0yACSi_SSSgtcACmF",
            "moduleName": "RPlusIOSLibrary"
          },
          {
            "kind": "Var",
            "name": "configError",
            "printedName": "configError",
            "children": [
              {
                "kind": "TypeFunc",
                "name": "Function",
                "printedName": "(RPlusIOSLibrary.RPlusError.Type) -> RPlusIOSLibrary.RPlusError",
                "children": [
                  {
                    "kind": "TypeNominal",
                    "name": "RPlusError",
                    "printedName": "RPlusIOSLibrary.RPlusError",
                    "usr": "s:15RPlusIOSLibrary0A5ErrorO"
                  },
                  {
                    "kind": "TypeNominal",
                    "name": "Metatype",
                    "printedName": "RPlusIOSLibrary.RPlusError.Type",
                    "children": [
                      {
                        "kind": "TypeNominal",
                        "name": "RPlusError",
                        "printedName": "RPlusIOSLibrary.RPlusError",
                        "usr": "s:15RPlusIOSLibrary0A5ErrorO"
                      }
                    ]
                  }
                ]
              }
            ],
            "declKind": "EnumElement",
            "usr": "s:15RPlusIOSLibrary0A5ErrorO06configC0yA2CmF",
            "mangledName": "$s15RPlusIOSLibrary0A5ErrorO06configC0yA2CmF",
            "moduleName": "RPlusIOSLibrary"
          },
          {
            "kind": "Var",
            "name": "tokenError",
            "printedName": "tokenError",
            "children": [
              {
                "kind": "TypeFunc",
                "name": "Function",
                "printedName": "(RPlusIOSLibrary.RPlusError.Type) -> RPlusIOSLibrary.RPlusError",
                "children": [
                  {
                    "kind": "TypeNominal",
                    "name": "RPlusError",
                    "printedName": "RPlusIOSLibrary.RPlusError",
                    "usr": "s:15RPlusIOSLibrary0A5ErrorO"
                  },
                  {
                    "kind": "TypeNominal",
                    "name": "Metatype",
                    "printedName": "RPlusIOSLibrary.RPlusError.Type",
                    "children": [
                      {
                        "kind": "TypeNominal",
                        "name": "RPlusError",
                        "printedName": "RPlusIOSLibrary.RPlusError",
                        "usr": "s:15RPlusIOSLibrary0A5ErrorO"
                      }
                    ]
                  }
                ]
              }
            ],
            "declKind": "EnumElement",
            "usr": "s:15RPlusIOSLibrary0A5ErrorO05tokenC0yA2CmF",
            "mangledName": "$s15RPlusIOSLibrary0A5ErrorO05tokenC0yA2CmF",
            "moduleName": "RPlusIOSLibrary"
          },
          {
            "kind": "Var",
            "name": "urlError",
            "printedName": "urlError",
            "children": [
              {
                "kind": "TypeFunc",
                "name": "Function",
                "printedName": "(RPlusIOSLibrary.RPlusError.Type) -> RPlusIOSLibrary.RPlusError",
                "children": [
                  {
                    "kind": "TypeNominal",
                    "name": "RPlusError",
                    "printedName": "RPlusIOSLibrary.RPlusError",
                    "usr": "s:15RPlusIOSLibrary0A5ErrorO"
                  },
                  {
                    "kind": "TypeNominal",
                    "name": "Metatype",
                    "printedName": "RPlusIOSLibrary.RPlusError.Type",
                    "children": [
                      {
                        "kind": "TypeNominal",
                        "name": "RPlusError",
                        "printedName": "RPlusIOSLibrary.RPlusError",
                        "usr": "s:15RPlusIOSLibrary0A5ErrorO"
                      }
                    ]
                  }
                ]
              }
            ],
            "declKind": "EnumElement",
            "usr": "s:15RPlusIOSLibrary0A5ErrorO03urlC0yA2CmF",
            "mangledName": "$s15RPlusIOSLibrary0A5ErrorO03urlC0yA2CmF",
            "moduleName": "RPlusIOSLibrary"
          },
          {
            "kind": "Var",
            "name": "uiError",
            "printedName": "uiError",
            "children": [
              {
                "kind": "TypeFunc",
                "name": "Function",
                "printedName": "(RPlusIOSLibrary.RPlusError.Type) -> RPlusIOSLibrary.RPlusError",
                "children": [
                  {
                    "kind": "TypeNominal",
                    "name": "RPlusError",
                    "printedName": "RPlusIOSLibrary.RPlusError",
                    "usr": "s:15RPlusIOSLibrary0A5ErrorO"
                  },
                  {
                    "kind": "TypeNominal",
                    "name": "Metatype",
                    "printedName": "RPlusIOSLibrary.RPlusError.Type",
                    "children": [
                      {
                        "kind": "TypeNominal",
                        "name": "RPlusError",
                        "printedName": "RPlusIOSLibrary.RPlusError",
                        "usr": "s:15RPlusIOSLibrary0A5ErrorO"
                      }
                    ]
                  }
                ]
              }
            ],
            "declKind": "EnumElement",
            "usr": "s:15RPlusIOSLibrary0A5ErrorO02uiC0yA2CmF",
            "mangledName": "$s15RPlusIOSLibrary0A5ErrorO02uiC0yA2CmF",
            "moduleName": "RPlusIOSLibrary"
          },
          {
            "kind": "Var",
            "name": "localizedDescription",
            "printedName": "localizedDescription",
            "children": [
              {
                "kind": "TypeNominal",
                "name": "String",
                "printedName": "Swift.String",
                "usr": "s:SS"
              }
            ],
            "declKind": "Var",
            "usr": "s:15RPlusIOSLibrary0A5ErrorO20localizedDescriptionSSvp",
            "mangledName": "$s15RPlusIOSLibrary0A5ErrorO20localizedDescriptionSSvp",
            "moduleName": "RPlusIOSLibrary",
            "declAttributes": [
              "AccessControl"
            ],
            "accessors": [
              {
                "kind": "Accessor",
                "name": "Get",
                "printedName": "Get()",
                "children": [
                  {
                    "kind": "TypeNominal",
                    "name": "String",
                    "printedName": "Swift.String",
                    "usr": "s:SS"
                  }
                ],
                "declKind": "Accessor",
                "usr": "s:15RPlusIOSLibrary0A5ErrorO20localizedDescriptionSSvg",
                "mangledName": "$s15RPlusIOSLibrary0A5ErrorO20localizedDescriptionSSvg",
                "moduleName": "RPlusIOSLibrary",
                "accessorKind": "get"
              }
            ]
          },
          {
            "kind": "Var",
            "name": "description",
            "printedName": "description",
            "children": [
              {
                "kind": "TypeNominal",
                "name": "String",
                "printedName": "Swift.String",
                "usr": "s:SS"
              }
            ],
            "declKind": "Var",
            "usr": "s:15RPlusIOSLibrary0A5ErrorO11descriptionSSvp",
            "mangledName": "$s15RPlusIOSLibrary0A5ErrorO11descriptionSSvp",
            "moduleName": "RPlusIOSLibrary",
            "declAttributes": [
              "AccessControl"
            ],
            "accessors": [
              {
                "kind": "Accessor",
                "name": "Get",
                "printedName": "Get()",
                "children": [
                  {
                    "kind": "TypeNominal",
                    "name": "String",
                    "printedName": "Swift.String",
                    "usr": "s:SS"
                  }
                ],
                "declKind": "Accessor",
                "usr": "s:15RPlusIOSLibrary0A5ErrorO11descriptionSSvg",
                "mangledName": "$s15RPlusIOSLibrary0A5ErrorO11descriptionSSvg",
                "moduleName": "RPlusIOSLibrary",
                "accessorKind": "get"
              }
            ]
          },
          {
            "kind": "Var",
            "name": "code",
            "printedName": "code",
            "children": [
              {
                "kind": "TypeNominal",
                "name": "Int",
                "printedName": "Swift.Int",
                "usr": "s:Si"
              }
            ],
            "declKind": "Var",
            "usr": "s:15RPlusIOSLibrary0A5ErrorO4codeSivp",
            "mangledName": "$s15RPlusIOSLibrary0A5ErrorO4codeSivp",
            "moduleName": "RPlusIOSLibrary",
            "declAttributes": [
              "AccessControl"
            ],
            "accessors": [
              {
                "kind": "Accessor",
                "name": "Get",
                "printedName": "Get()",
                "children": [
                  {
                    "kind": "TypeNominal",
                    "name": "Int",
                    "printedName": "Swift.Int",
                    "usr": "s:Si"
                  }
                ],
                "declKind": "Accessor",
                "usr": "s:15RPlusIOSLibrary0A5ErrorO4codeSivg",
                "mangledName": "$s15RPlusIOSLibrary0A5ErrorO4codeSivg",
                "moduleName": "RPlusIOSLibrary",
                "accessorKind": "get"
              }
            ]
          }
        ],
        "declKind": "Enum",
        "usr": "s:15RPlusIOSLibrary0A5ErrorO",
        "mangledName": "$s15RPlusIOSLibrary0A5ErrorO",
        "moduleName": "RPlusIOSLibrary",
        "declAttributes": [
          "AccessControl"
        ],
        "conformances": [
          {
            "kind": "Conformance",
            "name": "Copyable",
            "printedName": "Copyable",
            "usr": "s:s8CopyableP",
            "mangledName": "$ss8CopyableP"
          },
          {
            "kind": "Conformance",
            "name": "Escapable",
            "printedName": "Escapable",
            "usr": "s:s9EscapableP",
            "mangledName": "$ss9EscapableP"
          },
          {
            "kind": "Conformance",
            "name": "Error",
            "printedName": "Error",
            "usr": "s:s5ErrorP",
            "mangledName": "$ss5ErrorP"
          },
          {
            "kind": "Conformance",
            "name": "Sendable",
            "printedName": "Sendable",
            "usr": "s:s8SendableP",
            "mangledName": "$ss8SendableP"
          }
        ]
      },
      {
        "kind": "Import",
        "name": "Foundation",
        "printedName": "Foundation",
        "declKind": "Import",
        "moduleName": "RPlusIOSLibrary",
        "declAttributes": [
          "RawDocComment"
        ]
      },
      {
        "kind": "Import",
        "name": "UIKit",
        "printedName": "UIKit",
        "declKind": "Import",
        "moduleName": "RPlusIOSLibrary",
        "declAttributes": [
          "RawDocComment"
        ]
      },
      {
        "kind": "Import",
        "name": "WebKit",
        "printedName": "WebKit",
        "declKind": "Import",
        "moduleName": "RPlusIOSLibrary",
        "declAttributes": [
          "Preconcurrency"
        ]
      },
      {
        "kind": "Import",
        "name": "WebKit",
        "printedName": "WebKit",
        "declKind": "Import",
        "moduleName": "RPlusIOSLibrary",
        "declAttributes": [
          "Preconcurrency",
          "RawDocComment"
        ]
      }
    ],
    "json_format_version": 8
  },
  "ConstValues": [
    {
      "filePath": "\/Users\/wangzhenkai\/Documents\/GitHub\/Multi-Platform\/sdk\/sdk_ios\/RPlusIOSLibrary\/RPlusIOSLibrary\/Util\/RPlusExtension.swift",
      "kind": "StringLiteral",
      "offset": 239,
      "length": 2,
      "value": "\"\""
    },
    {
      "filePath": "\/Users\/wangzhenkai\/Documents\/GitHub\/Multi-Platform\/sdk\/sdk_ios\/RPlusIOSLibrary\/RPlusIOSLibrary\/RPlusIOSLibrary.swift",
      "kind": "StringLiteral",
      "offset": 345,
      "length": 2,
      "value": "\"\""
    },
    {
      "filePath": "\/Users\/wangzhenkai\/Documents\/GitHub\/Multi-Platform\/sdk\/sdk_ios\/RPlusIOSLibrary\/RPlusIOSLibrary\/RPlusIOSLibrary.swift",
      "kind": "StringLiteral",
      "offset": 513,
      "length": 2,
      "value": "\"\""
    },
    {
      "filePath": "\/Users\/wangzhenkai\/Documents\/GitHub\/Multi-Platform\/sdk\/sdk_ios\/RPlusIOSLibrary\/RPlusIOSLibrary\/RPlusIOSLibrary.swift",
      "kind": "StringLiteral",
      "offset": 681,
      "length": 2,
      "value": "\"\""
    },
    {
      "filePath": "\/Users\/wangzhenkai\/Documents\/GitHub\/Multi-Platform\/sdk\/sdk_ios\/RPlusIOSLibrary\/RPlusIOSLibrary\/RPlusIOSLibrary.swift",
      "kind": "BooleanLiteral",
      "offset": 985,
      "length": 4,
      "value": "true"
    },
    {
      "filePath": "\/Users\/wangzhenkai\/Documents\/GitHub\/Multi-Platform\/sdk\/sdk_ios\/RPlusIOSLibrary\/RPlusIOSLibrary\/RPlusIOSLibrary.swift",
      "kind": "BooleanLiteral",
      "offset": 906,
      "length": 5,
      "value": "false"
    },
    {
      "filePath": "\/Users\/wangzhenkai\/Documents\/GitHub\/Multi-Platform\/sdk\/sdk_ios\/RPlusIOSLibrary\/RPlusIOSLibrary\/RPlusIOSLibrary.swift",
      "kind": "StringLiteral",
      "offset": 2487,
      "length": 13,
      "value": "\"\/opco\/login\""
    },
    {
      "filePath": "\/Users\/wangzhenkai\/Documents\/GitHub\/Multi-Platform\/sdk\/sdk_ios\/RPlusIOSLibrary\/RPlusIOSLibrary\/RPlusIOSLibrary.swift",
      "kind": "StringLiteral",
      "offset": 2555,
      "length": 7,
      "value": "\"token\""
    },
    {
      "filePath": "\/Users\/wangzhenkai\/Documents\/GitHub\/Multi-Platform\/sdk\/sdk_ios\/RPlusIOSLibrary\/RPlusIOSLibrary\/RPlusIOSLibrary.swift",
      "kind": "StringLiteral",
      "offset": 2593,
      "length": 15,
      "value": "\"refresh-token\""
    },
    {
      "filePath": "\/Users\/wangzhenkai\/Documents\/GitHub\/Multi-Platform\/sdk\/sdk_ios\/RPlusIOSLibrary\/RPlusIOSLibrary\/RPlusIOSLibrary.swift",
      "kind": "BooleanLiteral",
      "offset": 2740,
      "length": 5,
      "value": "false"
    },
    {
      "filePath": "\/Users\/wangzhenkai\/Documents\/GitHub\/Multi-Platform\/sdk\/sdk_ios\/RPlusIOSLibrary\/RPlusIOSLibrary\/RPlusIOSLibrary.swift",
      "kind": "BooleanLiteral",
      "offset": 6347,
      "length": 5,
      "value": "false"
    },
    {
      "filePath": "\/Users\/wangzhenkai\/Documents\/GitHub\/Multi-Platform\/sdk\/sdk_ios\/RPlusIOSLibrary\/RPlusIOSLibrary\/RPlusIOSLibrary.swift",
      "kind": "StringLiteral",
      "offset": 7384,
      "length": 7,
      "value": "\"Debug\""
    },
    {
      "filePath": "\/Users\/wangzhenkai\/Documents\/GitHub\/Multi-Platform\/sdk\/sdk_ios\/RPlusIOSLibrary\/RPlusIOSLibrary\/RPlusIOSLibrary.swift",
      "kind": "StringLiteral",
      "offset": 7412,
      "length": 6,
      "value": "\"Info\""
    },
    {
      "filePath": "\/Users\/wangzhenkai\/Documents\/GitHub\/Multi-Platform\/sdk\/sdk_ios\/RPlusIOSLibrary\/RPlusIOSLibrary\/RPlusIOSLibrary.swift",
      "kind": "StringLiteral",
      "offset": 7442,
      "length": 9,
      "value": "\"Warning\""
    },
    {
      "filePath": "\/Users\/wangzhenkai\/Documents\/GitHub\/Multi-Platform\/sdk\/sdk_ios\/RPlusIOSLibrary\/RPlusIOSLibrary\/RPlusIOSLibrary.swift",
      "kind": "StringLiteral",
      "offset": 7473,
      "length": 7,
      "value": "\"Error\""
    },
    {
      "filePath": "\/Users\/wangzhenkai\/Documents\/GitHub\/Multi-Platform\/sdk\/sdk_ios\/RPlusIOSLibrary\/RPlusIOSLibrary\/Util\/RPlusNetUtil.swift",
      "kind": "StringLiteral",
      "offset": 1674,
      "length": 5,
      "value": "\"GET\""
    },
    {
      "filePath": "\/Users\/wangzhenkai\/Documents\/GitHub\/Multi-Platform\/sdk\/sdk_ios\/RPlusIOSLibrary\/RPlusIOSLibrary\/Util\/RPlusNetUtil.swift",
      "kind": "StringLiteral",
      "offset": 1696,
      "length": 6,
      "value": "\"POST\""
    },
    {
      "filePath": "\/Users\/wangzhenkai\/Documents\/GitHub\/Multi-Platform\/sdk\/sdk_ios\/RPlusIOSLibrary\/RPlusIOSLibrary\/Util\/RPlusStorageUtil.swift",
      "kind": "StringLiteral",
      "offset": 543,
      "length": 19,
      "value": "\"RPlusStoreDataKey\""
    },
    {
      "filePath": "\/Users\/wangzhenkai\/Documents\/GitHub\/Multi-Platform\/sdk\/sdk_ios\/RPlusIOSLibrary\/RPlusIOSLibrary\/Util\/RPlusStorageUtil.swift",
      "kind": "BooleanLiteral",
      "offset": 612,
      "length": 5,
      "value": "false"
    },
    {
      "filePath": "\/Users\/wangzhenkai\/Documents\/GitHub\/Multi-Platform\/sdk\/sdk_ios\/RPlusIOSLibrary\/RPlusIOSLibrary\/UI\/RPlusWebViewController.swift",
      "kind": "IntegerLiteral",
      "offset": 1406,
      "length": 1,
      "value": "0"
    },
    {
      "filePath": "\/Users\/wangzhenkai\/Documents\/GitHub\/Multi-Platform\/sdk\/sdk_ios\/RPlusIOSLibrary\/RPlusIOSLibrary\/UI\/RPlusWebViewController.swift",
      "kind": "IntegerLiteral",
      "offset": 5490,
      "length": 1,
      "value": "0"
    },
    {
      "filePath": "\/Users\/wangzhenkai\/Documents\/GitHub\/Multi-Platform\/sdk\/sdk_ios\/RPlusIOSLibrary\/RPlusIOSLibrary\/UI\/RPlusWebViewController.swift",
      "kind": "IntegerLiteral",
      "offset": 5646,
      "length": 1,
      "value": "2"
    },
    {
      "filePath": "\/Users\/wangzhenkai\/Documents\/GitHub\/Multi-Platform\/sdk\/sdk_ios\/RPlusIOSLibrary\/RPlusIOSLibrary\/UI\/RPlusWebViewController.swift",
      "kind": "FloatLiteral",
      "offset": 5695,
      "length": 3,
      "value": "0.1"
    },
    {
      "filePath": "\/Users\/wangzhenkai\/Documents\/GitHub\/Multi-Platform\/sdk\/sdk_ios\/RPlusIOSLibrary\/RPlusIOSLibrary\/UI\/RPlusWebViewController.swift",
      "kind": "FloatLiteral",
      "offset": 5969,
      "length": 3,
      "value": "0.3"
    },
    {
      "filePath": "\/Users\/wangzhenkai\/Documents\/GitHub\/Multi-Platform\/sdk\/sdk_ios\/RPlusIOSLibrary\/RPlusIOSLibrary\/UI\/RPlusWebViewController.swift",
      "kind": "FloatLiteral",
      "offset": 6150,
      "length": 3,
      "value": "0.3"
    },
    {
      "filePath": "\/Users\/wangzhenkai\/Documents\/GitHub\/Multi-Platform\/sdk\/sdk_ios\/RPlusIOSLibrary\/RPlusIOSLibrary\/Util\/RPlusWebViewJSBridge.swift",
      "kind": "BooleanLiteral",
      "offset": 654,
      "length": 5,
      "value": "false"
    },
    {
      "filePath": "\/Users\/wangzhenkai\/Documents\/GitHub\/Multi-Platform\/sdk\/sdk_ios\/RPlusIOSLibrary\/RPlusIOSLibrary\/Util\/RPlusWebViewJSBridge.swift",
      "kind": "StringLiteral",
      "offset": 13309,
      "length": 4074,
      "value": "\";(function() {\n    if (window.WebViewJavascriptBridge) {\n        return;\n    }\n\n    if (!window.onerror) {\n        window.onerror = function(msg, url, line) {\n            console.log(\"WebViewJavascriptBridge: ERROR:\" + msg + \"@\" + url + \":\" + line);\n        }\n    }\n    window.WebViewJavascriptBridge = {\n        registerHandler: registerHandler,\n        callHandler: callHandler,\n        disableJavscriptAlertBoxSafetyTimeout: disableJavscriptAlertBoxSafetyTimeout,\n        _fetchQueue: _fetchQueue,\n        _handleMessageFromIOS: _handleMessageFromIOS\n    };\n\n    var messagingIframe;\n    var sendMessageQueue = [];\n    var messageHandlers = {};\n\n    var CUSTOM_PROTOCOL_SCHEME = 'https';\n    var QUEUE_HAS_MESSAGE = '__wvjb_queue_message__';\n\n    var responseCallbacks = {};\n    var uniqueId = 1;\n    var dispatchMessagesWithTimeoutSafety = true;\n\n    function registerHandler(handlerName, handler) {\n        messageHandlers[handlerName] = handler;\n    }\n\n    function callHandler(handlerName, data, responseCallback) {\n        if (arguments.length == 2 && typeof data == 'function') {\n            responseCallback = data;\n            data = null;\n        }\n        _doSend({ handlerName:handlerName, data:data }, responseCallback);\n    }\n    function disableJavscriptAlertBoxSafetyTimeout() {\n        dispatchMessagesWithTimeoutSafety = false;\n    }\n\n    function _doSend(message, responseCallback) {\n        if (responseCallback) {\n            var callbackId = 'cb_'+(uniqueId++)+'_'+new Date().getTime();\n            responseCallbacks[callbackId] = responseCallback;\n            message['callbackId'] = callbackId;\n        }\n        sendMessageQueue.push(message);\n        messagingIframe.src = CUSTOM_PROTOCOL_SCHEME + ':\/\/' + QUEUE_HAS_MESSAGE;\n    }\n\n    function _fetchQueue() {\n        var messageQueueString = JSON.stringify(sendMessageQueue);\n        sendMessageQueue = [];\n        return messageQueueString;\n    }\n\n    function _dispatchMessageFromIOS(messageJSON) {\n        if (dispatchMessagesWithTimeoutSafety) {\n            setTimeout(_doDispatchMessageFromIOS);\n        } else {\n             _doDispatchMessageFromIOS();\n        }\n\n        function _doDispatchMessageFromIOS() {\n            var message = JSON.parse(messageJSON);\n            var messageHandler;\n            var responseCallback;\n\n            if (message.responseId) {\n                responseCallback = responseCallbacks[message.responseId];\n                if (!responseCallback) {\n                    return;\n                }\n                responseCallback(message.responseData);\n                delete responseCallbacks[message.responseId];\n            } else {\n                if (message.callbackId) {\n                    var callbackResponseId = message.callbackId;\n                    responseCallback = function(responseData) {\n                        _doSend({ handlerName:message.handlerName, responseId:callbackResponseId, responseData:responseData });\n                    };\n                }\n\n                var handler = messageHandlers[message.handlerName];\n                if (!handler) {\n                    console.log(\"WebViewJavascriptBridge: WARNING: no handler for message from IOS:\", message);\n                } else {\n                    handler(message.data, responseCallback);\n                }\n            }\n        }\n    }\n\n    function _handleMessageFromIOS(messageJSON) {\n        _dispatchMessageFromIOS(messageJSON);\n    }\n\n    messagingIframe = document.createElement('iframe');\n    messagingIframe.style.display = 'none';\n    messagingIframe.src = CUSTOM_PROTOCOL_SCHEME + ':\/\/' + QUEUE_HAS_MESSAGE;\n    document.documentElement.appendChild(messagingIframe);\n\n    registerHandler(\"_disableJavascriptAlertBoxSafetyTimeout\", disableJavscriptAlertBoxSafetyTimeout);\n\n    setTimeout(_callWVJBCallbacks, 0);\n    function _callWVJBCallbacks() {\n        var callbacks = window.WVJBCallbacks;\n        delete window.WVJBCallbacks;\n        for (var i=0; i<callbacks.length; i++) {\n            callbacks[i](WebViewJavascriptBridge);\n        }\n    }\n})();\""
    }
  ]
}